{
  "version": "v5-big-dataset-future_scrap-precision-first",
  "label_horizon_minutes": 30,
  "label_column": "future_scrap",
  "training_dataset": "cleaned_dataset_v4.5f.parquet",
  "training_rows": 33333,
  "training_positive_rate": 0.0999909999099991,
  "training_label_column": "future_scrap",
  "training_machine_column": "machine_id_normalized",
  "training_feature_count": 10,
  "model_path": "C:\\2. te ai cup\\te connectivity 3\\models\\scrap_risk_model_v5.pkl",
  "best_iteration": 17,
  "validation": {
    "rows": 6667,
    "accuracy": 0.4672266386680666,
    "precision": 0.1580943351505096,
    "recall": 1.0,
    "f1": 0.27302496930004094,
    "auc": 0.734479260369815,
    "precision_target_threshold": {
      "threshold": 0.6435303092002869,
      "accuracy": 0.6167691615419229,
      "precision": 0.1731301939058172,
      "recall": 0.7496251874062968,
      "f1": 0.2812939521800282,
      "predicted_positives": 2888
    }
  },
  "feb_test": {
    "rows": 777006,
    "precision_target_threshold": {
      "threshold": 0.6444730162620544,
      "accuracy": 0.75002,
      "precision": 1.0,
      "recall": 8e-05,
      "f1": 0.00015998720102391808,
      "predicted_positives": 3
    },
    "baseline": {
      "accuracy": 0.9048076848827422,
      "precision": 0.2950524847684064,
      "recall": 0.12801566953835375,
      "f1": 0.17855913285874528,
      "auc": 0.4723829722212623,
      "predicted_positives": 27246
    },
    "tuned": {
      "accuracy": 0.9191859522320291,
      "precision": 1.0,
      "recall": 6.369731038106916e-05,
      "f1": 0.00012738650658429006,
      "auc": 0.4723829722212623,
      "predicted_positives": 4
    },
    "per_machine": [
      {
        "machine": "M231",
        "rows": 99362,
        "positives": 6379,
        "threshold": 0.5910648107528687,
        "accuracy": 0.0642499144542179,
        "precision": 0.06420282415934458,
        "recall": 1.0,
        "f1": 0.12065899977301958,
        "predicted_positives": 99357,
        "auc": 0.5000268866351913
      },
      {
        "machine": "M356",
        "rows": 167403,
        "positives": 16283,
        "threshold": 0.08696793019771576,
        "accuracy": 0.10855333333333334,
        "precision": 0.10855333333333334,
        "recall": 1.0,
        "f1": 0.19584683942435488,
        "predicted_positives": 150000,
        "auc": 0.48770356287010197
      },
      {
        "machine": "M471",
        "rows": 166964,
        "positives": 7616,
        "threshold": 0.08696793019771576,
        "accuracy": 0.05077333333333333,
        "precision": 0.05077333333333333,
        "recall": 1.0,
        "f1": 0.09663993503197645,
        "predicted_positives": 150000,
        "auc": 0.4937313346200367
      },
      {
        "machine": "M607",
        "rows": 168449,
        "positives": 16078,
        "threshold": 0.1063213124871254,
        "accuracy": 0.8929066666666666,
        "precision": 1.0,
        "recall": 0.0008707550690384376,
        "f1": 0.0017399950285856328,
        "predicted_positives": 14,
        "auc": 0.5004353775345192
      },
      {
        "machine": "M612",
        "rows": 174828,
        "positives": 16441,
        "threshold": 0.08696793019771576,
        "accuracy": 0.10960666666666667,
        "precision": 0.10960666666666667,
        "recall": 1.0,
        "f1": 0.19755949555698418,
        "predicted_positives": 150000,
        "auc": 0.48503724865215403
      }
    ]
  },
  "scale_pos_weight": 9.00225056264066,
  "features_before_pruning": 426,
  "features_after_pruning": 10
}