{
  "p": 0.7493279569892473,
  "r": 0.4306682116647354,
  "auc": 0.8623630745461569,
  "t": 0.4821539250919788
}