{
  "version": "v7-pro-fixed-v2",
  "precision": 0.6148648648648649,
  "recall": 0.3040089086859688,
  "f1": 0.4068554391995487,
  "auc": 0.912575673193924,
  "threshold": 0.36384975276600057,
  "rows_trained": 161139,
  "positives_in_train": 3592
}