{
  "precision_target": 0.73,
  "default_threshold": 0.25615,
  "overall_threshold": 0.25615,
  "per_machine_thresholds": {
    "M231": 0.25615,
    "M356": 0.25615,
    "M471": 0.25615,
    "M607": 0.25615,
    "M612": 0.25615
  }
}