{
  "precision_target": 0.55,
  "default_threshold": 0.14463138580322266,
  "overall_threshold": 0.14463138580322266,
  "per_machine_thresholds": {
    "M231": 0.14450401067733765,
    "M356": 0.09555836766958237,
    "M471": 0.09555836766958237,
    "M607": 0.14213043451309204,
    "M612": 0.09555836766958237
  }
}