{
  "precision_target": 0.55,
  "default_threshold": 0.6444730162620544,
  "overall_threshold": 0.6444730162620544,
  "per_machine_thresholds": {
    "M231": 0.5910648107528687,
    "M356": 0.08696793019771576,
    "M471": 0.08696793019771576,
    "M607": 0.1063213124871254,
    "M612": 0.08696793019771576
  }
}